{"cameraMode":{"drawMode":0,"name":"Shaded","section":"Shading Mode"},"sceneLighting":true,"audioPlay":false,"sceneViewState":{"showFog":true,"showMaterialUpdate":false,"showSkybox":false,"showFlares":true,"showImageEffects":true,"showParticleSystems":true},"in2DMode":false,"pivot":{"x":46.746726989746097,"y":-9.200800895690918,"z":93.087158203125},"rotation":{"x":-0.09768053889274597,"y":0.7062792181968689,"z":-0.09939133375883103,"w":-0.6940953731536865},"size":13.822554588317871,"orthographic":false}