{"cameraMode":{"drawMode":0,"name":"Shaded","section":"Shading Mode"},"sceneLighting":true,"audioPlay":false,"sceneViewState":{"showFog":true,"showMaterialUpdate":false,"showSkybox":true,"showFlares":true,"showImageEffects":true,"showParticleSystems":true},"in2DMode":false,"pivot":{"x":111.84190368652344,"y":0.8240000605583191,"z":109.15090942382813},"rotation":{"x":-0.20924490690231324,"y":0.49787425994873049,"z":-0.12518098950386048,"w":-0.8322861194610596},"size":3.152332067489624,"orthographic":false}